datetime,station_name,elevation_ft,temp_f
2026-10-08 06:00,Paradise,5150,55.2
2026-10-08 07:00,Paradise,5150,55.4
2026-10-08 08:00,Paradise,5150,58.3
2026-10-08 09:00,Paradise,5150,60.3
2026-10-08 10:00,Paradise,5150,62.4
2026-10-08 11:00,Paradise,5150,64.9
2026-10-08 12:00,Paradise,5150,65.1
2026-10-08 13:00,Paradise,5150,64.6
2026-10-08 14:00,Paradise,5150,61.5
2026-10-08 15:00,Paradise,5150,59.0
2026-10-08 16:00,Paradise,5150,57.9
2026-10-08 17:00,Paradise,5150,55.2
2026-10-08 18:00,Paradise,5150,51.8
2026-10-08 19:00,Paradise,5150,50.7
2026-10-08 20:00,Paradise,5150,49.3
2026-10-08 21:00,Paradise,5150,48.0
2026-10-08 22:00,Paradise,5150,47.1
2026-10-08 23:00,Paradise,5150,47.1
2026-10-09 00:00,Paradise,5150,46.4
2026-10-09 01:00,Paradise,5150,45.7
2026-10-09 02:00,Paradise,5150,43.9
2026-10-09 03:00,Paradise,5150,41.9
2026-10-09 04:00,Paradise,5150,39.7
2026-10-09 05:00,Paradise,5150,41.2
2026-10-09 06:00,Paradise,5150,41.9
2026-10-09 07:00,Paradise,5150,41.7
2026-10-09 08:00,Paradise,5150,42.4
2026-10-09 09:00,Paradise,5150,42.6
2026-10-09 10:00,Paradise,5150,42.3
2026-10-09 11:00,Paradise,5150,44.1
2026-10-09 12:00,Paradise,5150,42.1
2026-10-09 13:00,Paradise,5150,40.5
2026-10-09 14:00,Paradise,5150,38.5
2026-10-09 15:00,Paradise,5150,38.3
2026-10-09 16:00,Paradise,5150,35.2
2026-10-09 17:00,Paradise,5150,34.5
2026-10-09 18:00,Paradise,5150,33.1
2026-10-09 19:00,Paradise,5150,32.4
2026-10-09 20:00,Paradise,5150,32.0
2026-10-09 21:00,Paradise,5150,31.1
2026-10-09 22:00,Paradise,5150,30.9
2026-10-09 23:00,Paradise,5150,30.7
2026-10-10 00:00,Paradise,5150,30.6
2026-10-10 01:00,Paradise,5150,30.4
2026-10-10 02:00,Paradise,5150,30.2
2026-10-10 03:00,Paradise,5150,29.8
2026-10-10 04:00,Paradise,5150,30.0
2026-10-10 05:00,Paradise,5150,
2026-10-08 06:00,Cayuse Pass,5260,56.1
2026-10-08 07:00,Cayuse Pass,5260,55.0
2026-10-08 08:00,Cayuse Pass,5260,56.8
2026-10-08 09:00,Cayuse Pass,5260,58.1
2026-10-08 10:00,Cayuse Pass,5260,61.0
2026-10-08 11:00,Cayuse Pass,5260,63.7
2026-10-08 12:00,Cayuse Pass,5260,65.8
2026-10-08 13:00,Cayuse Pass,5260,66.6
2026-10-08 14:00,Cayuse Pass,5260,65.8
2026-10-08 15:00,Cayuse Pass,5260,62.4
2026-10-08 16:00,Cayuse Pass,5260,60.4
2026-10-08 17:00,Cayuse Pass,5260,57.9
2026-10-08 18:00,Cayuse Pass,5260,54.7
2026-10-08 19:00,Cayuse Pass,5260,53.8
2026-10-08 20:00,Cayuse Pass,5260,52.0
2026-10-08 21:00,Cayuse Pass,5260,49.8
2026-10-08 22:00,Cayuse Pass,5260,48.9
2026-10-08 23:00,Cayuse Pass,5260,48.0
2026-10-09 00:00,Cayuse Pass,5260,47.5
2026-10-09 01:00,Cayuse Pass,5260,46.6
2026-10-09 02:00,Cayuse Pass,5260,45.9
2026-10-09 03:00,Cayuse Pass,5260,44.2
2026-10-09 04:00,Cayuse Pass,5260,42.3
2026-10-09 05:00,Cayuse Pass,5260,40.8
2026-10-09 06:00,Cayuse Pass,5260,41.2
2026-10-09 07:00,Cayuse Pass,5260,41.5
2026-10-09 08:00,Cayuse Pass,5260,42.3
2026-10-09 09:00,Cayuse Pass,5260,42.8
2026-10-09 10:00,Cayuse Pass,5260,43.5
2026-10-09 11:00,Cayuse Pass,5260,44.1
2026-10-09 12:00,Cayuse Pass,5260,41.2
2026-10-09 13:00,Cayuse Pass,5260,40.5
2026-10-09 14:00,Cayuse Pass,5260,40.6
2026-10-09 15:00,Cayuse Pass,5260,39.0
2026-10-09 16:00,Cayuse Pass,5260,37.0
2026-10-09 17:00,Cayuse Pass,5260,35.8
2026-10-09 18:00,Cayuse Pass,5260,35.1
2026-10-09 19:00,Cayuse Pass,5260,34.3
2026-10-09 20:00,Cayuse Pass,5260,33.3
2026-10-09 21:00,Cayuse Pass,5260,33.1
2026-10-09 22:00,Cayuse Pass,5260,32.9
2026-10-09 23:00,Cayuse Pass,5260,32.4
2026-10-10 00:00,Cayuse Pass,5260,32.2
2026-10-10 01:00,Cayuse Pass,5260,32.0
2026-10-10 02:00,Cayuse Pass,5260,31.8
2026-10-10 03:00,Cayuse Pass,5260,31.8
2026-10-10 04:00,Cayuse Pass,5260,31.6
2026-10-10 05:00,Cayuse Pass,5260,31.3
2026-10-08 06:00,Morse Lake,5400,47.8
2026-10-08 07:00,Morse Lake,5400,48.9
2026-10-08 08:00,Morse Lake,5400,52.9
2026-10-08 09:00,Morse Lake,5400,58.6
2026-10-08 10:00,Morse Lake,5400,62.1
2026-10-08 11:00,Morse Lake,5400,65.8
2026-10-08 12:00,Morse Lake,5400,66.2
2026-10-08 13:00,Morse Lake,5400,66.4
2026-10-08 14:00,Morse Lake,5400,65.3
2026-10-08 15:00,Morse Lake,5400,65.7
2026-10-08 16:00,Morse Lake,5400,56.8
2026-10-08 17:00,Morse Lake,5400,52.5
2026-10-08 18:00,Morse Lake,5400,50.0
2026-10-08 19:00,Morse Lake,5400,48.6
2026-10-08 20:00,Morse Lake,5400,47.1
2026-10-08 21:00,Morse Lake,5400,47.8
2026-10-08 22:00,Morse Lake,5400,45.3
2026-10-08 23:00,Morse Lake,5400,44.2
2026-10-09 00:00,Morse Lake,5400,44.2
2026-10-09 01:00,Morse Lake,5400,42.8
2026-10-09 02:00,Morse Lake,5400,42.6
2026-10-09 03:00,Morse Lake,5400,43.0
2026-10-09 04:00,Morse Lake,5400,43.2
2026-10-09 05:00,Morse Lake,5400,42.1
2026-10-09 06:00,Morse Lake,5400,43.2
2026-10-09 07:00,Morse Lake,5400,43.2
2026-10-09 08:00,Morse Lake,5400,48.0
2026-10-09 09:00,Morse Lake,5400,46.2
2026-10-09 10:00,Morse Lake,5400,45.9
2026-10-09 11:00,Morse Lake,5400,44.2
2026-10-09 12:00,Morse Lake,5400,43.2
2026-10-09 13:00,Morse Lake,5400,46.0
2026-10-09 14:00,Morse Lake,5400,42.4
2026-10-09 15:00,Morse Lake,5400,40.8
2026-10-09 16:00,Morse Lake,5400,38.8
2026-10-09 17:00,Morse Lake,5400,37.6
2026-10-09 18:00,Morse Lake,5400,36.1
2026-10-09 19:00,Morse Lake,5400,34.7
2026-10-09 20:00,Morse Lake,5400,34.3
2026-10-09 21:00,Morse Lake,5400,33.8
2026-10-09 22:00,Morse Lake,5400,33.1
2026-10-09 23:00,Morse Lake,5400,31.3
2026-10-10 00:00,Morse Lake,5400,32.5
2026-10-10 01:00,Morse Lake,5400,31.5
2026-10-10 02:00,Morse Lake,5400,31.6
2026-10-10 03:00,Morse Lake,5400,31.5
2026-10-10 04:00,Morse Lake,5400,30.9
2026-10-10 05:00,Morse Lake,5400,30.4
2026-10-08 06:00,Corral Pass,5810,53.4
2026-10-08 07:00,Corral Pass,5810,55.4
2026-10-08 08:00,Corral Pass,5810,57.2
2026-10-08 09:00,Corral Pass,5810,59.2
2026-10-08 10:00,Corral Pass,5810,60.4
2026-10-08 11:00,Corral Pass,5810,63.0
2026-10-08 12:00,Corral Pass,5810,63.3
2026-10-08 13:00,Corral Pass,5810,64.4
2026-10-08 14:00,Corral Pass,5810,64.8
2026-10-08 15:00,Corral Pass,5810,63.7
2026-10-08 16:00,Corral Pass,5810,61.9
2026-10-08 17:00,Corral Pass,5810,57.9
2026-10-08 18:00,Corral Pass,5810,51.6
2026-10-08 19:00,Corral Pass,5810,49.6
2026-10-08 20:00,Corral Pass,5810,50.4
2026-10-08 21:00,Corral Pass,5810,51.3
2026-10-08 22:00,Corral Pass,5810,46.8
2026-10-08 23:00,Corral Pass,5810,46.0
2026-10-09 00:00,Corral Pass,5810,46.0
2026-10-09 01:00,Corral Pass,5810,47.8
2026-10-09 02:00,Corral Pass,5810,43.9
2026-10-09 03:00,Corral Pass,5810,41.4
2026-10-09 04:00,Corral Pass,5810,38.5
2026-10-09 05:00,Corral Pass,5810,39.6
2026-10-09 06:00,Corral Pass,5810,40.3
2026-10-09 07:00,Corral Pass,5810,40.1
2026-10-09 08:00,Corral Pass,5810,40.5
2026-10-09 09:00,Corral Pass,5810,40.8
2026-10-09 10:00,Corral Pass,5810,40.8
2026-10-09 11:00,Corral Pass,5810,40.8
2026-10-09 12:00,Corral Pass,5810,40.1
2026-10-09 13:00,Corral Pass,5810,40.5
2026-10-09 14:00,Corral Pass,5810,40.5
2026-10-09 15:00,Corral Pass,5810,39.0
2026-10-09 16:00,Corral Pass,5810,36.3
2026-10-09 17:00,Corral Pass,5810,33.1
2026-10-09 18:00,Corral Pass,5810,32.0
2026-10-09 19:00,Corral Pass,5810,30.9
2026-10-09 20:00,Corral Pass,5810,30.0
2026-10-09 21:00,Corral Pass,5810,28.8
2026-10-09 22:00,Corral Pass,5810,27.3
2026-10-09 23:00,Corral Pass,5810,27.1
2026-10-10 00:00,Corral Pass,5810,26.8
2026-10-10 01:00,Corral Pass,5810,26.2
2026-10-10 02:00,Corral Pass,5810,26.4
2026-10-10 03:00,Corral Pass,5810,27.0
2026-10-10 04:00,Corral Pass,5810,27.1
2026-10-10 05:00,Corral Pass,5810,27.0
2026-10-08 06:00,Bumping Ridge,4600,52.7
2026-10-08 07:00,Bumping Ridge,4600,52.7
2026-10-08 08:00,Bumping Ridge,4600,57.9
2026-10-08 09:00,Bumping Ridge,4600,63.0
2026-10-08 10:00,Bumping Ridge,4600,68.0
2026-10-08 11:00,Bumping Ridge,4600,69.4
2026-10-08 12:00,Bumping Ridge,4600,70.7
2026-10-08 13:00,Bumping Ridge,4600,73.2
2026-10-08 14:00,Bumping Ridge,4600,70.5
2026-10-08 15:00,Bumping Ridge,4600,68.9
2026-10-08 16:00,Bumping Ridge,4600,65.7
2026-10-08 17:00,Bumping Ridge,4600,61.9
2026-10-08 18:00,Bumping Ridge,4600,59.5
2026-10-08 19:00,Bumping Ridge,4600,55.6
2026-10-08 20:00,Bumping Ridge,4600,54.0
2026-10-08 21:00,Bumping Ridge,4600,52.7
2026-10-08 22:00,Bumping Ridge,4600,52.5
2026-10-08 23:00,Bumping Ridge,4600,51.4
2026-10-09 00:00,Bumping Ridge,4600,50.4
2026-10-09 01:00,Bumping Ridge,4600,48.7
2026-10-09 02:00,Bumping Ridge,4600,48.6
2026-10-09 03:00,Bumping Ridge,4600,47.5
2026-10-09 04:00,Bumping Ridge,4600,45.7
2026-10-09 05:00,Bumping Ridge,4600,44.2
2026-10-09 06:00,Bumping Ridge,4600,44.6
2026-10-09 07:00,Bumping Ridge,4600,45.0
2026-10-09 08:00,Bumping Ridge,4600,45.1
2026-10-09 09:00,Bumping Ridge,4600,45.5
2026-10-09 10:00,Bumping Ridge,4600,46.2
2026-10-09 11:00,Bumping Ridge,4600,47.5
2026-10-09 12:00,Bumping Ridge,4600,46.4
2026-10-09 13:00,Bumping Ridge,4600,46.0
2026-10-09 14:00,Bumping Ridge,4600,44.2
2026-10-09 15:00,Bumping Ridge,4600,41.7
2026-10-09 16:00,Bumping Ridge,4600,38.8
2026-10-09 17:00,Bumping Ridge,4600,37.8
2026-10-09 18:00,Bumping Ridge,4600,36.9
2026-10-09 19:00,Bumping Ridge,4600,36.1
2026-10-09 20:00,Bumping Ridge,4600,35.4
2026-10-09 21:00,Bumping Ridge,4600,34.2
2026-10-09 22:00,Bumping Ridge,4600,33.3
2026-10-09 23:00,Bumping Ridge,4600,33.4
2026-10-10 00:00,Bumping Ridge,4600,33.4
2026-10-10 01:00,Bumping Ridge,4600,33.6
2026-10-10 02:00,Bumping Ridge,4600,31.6
2026-10-10 03:00,Bumping Ridge,4600,31.1
2026-10-10 04:00,Bumping Ridge,4600,31.6
2026-10-10 05:00,Bumping Ridge,4600,30.4
2026-10-08 06:00,Skate Creek,3770,51.8
2026-10-08 07:00,Skate Creek,3770,51.8
2026-10-08 08:00,Skate Creek,3770,52.2
2026-10-08 09:00,Skate Creek,3770,61.5
2026-10-08 10:00,Skate Creek,3770,63.9
2026-10-08 11:00,Skate Creek,3770,67.3
2026-10-08 12:00,Skate Creek,3770,69.1
2026-10-08 13:00,Skate Creek,3770,67.8
2026-10-08 14:00,Skate Creek,3770,68.5
2026-10-08 15:00,Skate Creek,3770,65.8
2026-10-08 16:00,Skate Creek,3770,63.3
2026-10-08 17:00,Skate Creek,3770,57.6
2026-10-08 18:00,Skate Creek,3770,53.1
2026-10-08 19:00,Skate Creek,3770,50.7
2026-10-08 20:00,Skate Creek,3770,50.2
2026-10-08 21:00,Skate Creek,3770,50.5
2026-10-08 22:00,Skate Creek,3770,49.3
2026-10-08 23:00,Skate Creek,3770,48.4
2026-10-09 00:00,Skate Creek,3770,48.6
2026-10-09 01:00,Skate Creek,3770,47.7
2026-10-09 02:00,Skate Creek,3770,47.5
2026-10-09 03:00,Skate Creek,3770,46.8
2026-10-09 04:00,Skate Creek,3770,45.1
2026-10-09 05:00,Skate Creek,3770,44.4
2026-10-09 06:00,Skate Creek,3770,44.8
2026-10-09 07:00,Skate Creek,3770,45.3
2026-10-09 08:00,Skate Creek,3770,45.7
2026-10-09 09:00,Skate Creek,3770,46.2
2026-10-09 10:00,Skate Creek,3770,46.8
2026-10-09 11:00,Skate Creek,3770,46.4
2026-10-09 12:00,Skate Creek,3770,45.5
2026-10-09 13:00,Skate Creek,3770,45.7
2026-10-09 14:00,Skate Creek,3770,43.3
2026-10-09 15:00,Skate Creek,3770,42.3
2026-10-09 16:00,Skate Creek,3770,42.1
2026-10-09 17:00,Skate Creek,3770,39.9
2026-10-09 18:00,Skate Creek,3770,37.9
2026-10-09 19:00,Skate Creek,3770,37.0
2026-10-09 20:00,Skate Creek,3770,36.9
2026-10-09 21:00,Skate Creek,3770,36.5
2026-10-09 22:00,Skate Creek,3770,36.1
2026-10-09 23:00,Skate Creek,3770,35.8
2026-10-10 00:00,Skate Creek,3770,35.6
2026-10-10 01:00,Skate Creek,3770,35.6
2026-10-10 02:00,Skate Creek,3770,35.6
2026-10-10 03:00,Skate Creek,3770,35.4
2026-10-10 04:00,Skate Creek,3770,35.1
2026-10-10 05:00,Skate Creek,3770,34.3
2026-10-08 06:00,Mowich,3170,56.3
2026-10-08 07:00,Mowich,3170,57.2
2026-10-08 08:00,Mowich,3170,59.5
2026-10-08 09:00,Mowich,3170,64.2
2026-10-08 10:00,Mowich,3170,63.9
2026-10-08 11:00,Mowich,3170,64.6
2026-10-08 12:00,Mowich,3170,66.9
2026-10-08 13:00,Mowich,3170,66.9
2026-10-08 14:00,Mowich,3170,71.2
2026-10-08 15:00,Mowich,3170,64.8
2026-10-08 16:00,Mowich,3170,64.8
2026-10-08 17:00,Mowich,3170,58.6
2026-10-08 18:00,Mowich,3170,57.2
2026-10-08 19:00,Mowich,3170,55.6
2026-10-08 20:00,Mowich,3170,54.1
2026-10-08 21:00,Mowich,3170,52.3
2026-10-08 22:00,Mowich,3170,52.3
2026-10-08 23:00,Mowich,3170,53.2
2026-10-09 00:00,Mowich,3170,55.2
2026-10-09 01:00,Mowich,3170,53.2
2026-10-09 02:00,Mowich,3170,50.5
2026-10-09 03:00,Mowich,3170,45.1
2026-10-09 04:00,Mowich,3170,46.8
2026-10-09 05:00,Mowich,3170,49.3
2026-10-09 06:00,Mowich,3170,49.3
2026-10-09 07:00,Mowich,3170,49.1
2026-10-09 08:00,Mowich,3170,48.2
2026-10-09 09:00,Mowich,3170,48.4
2026-10-09 10:00,Mowich,3170,46.4
2026-10-09 11:00,Mowich,3170,48.7
2026-10-09 12:00,Mowich,3170,49.3
2026-10-09 13:00,Mowich,3170,48.4
2026-10-09 14:00,Mowich,3170,46.4
2026-10-09 15:00,Mowich,3170,47.1
2026-10-09 16:00,Mowich,3170,44.8
2026-10-09 17:00,Mowich,3170,43.0
2026-10-09 18:00,Mowich,3170,41.5
2026-10-09 19:00,Mowich,3170,40.6
2026-10-09 20:00,Mowich,3170,39.9
2026-10-09 21:00,Mowich,3170,39.6
2026-10-09 22:00,Mowich,3170,39.7
2026-10-09 23:00,Mowich,3170,39.4
2026-10-10 00:00,Mowich,3170,38.5
2026-10-10 01:00,Mowich,3170,37.8
2026-10-10 02:00,Mowich,3170,37.8
2026-10-10 03:00,Mowich,3170,37.8
2026-10-10 04:00,Mowich,3170,37.4
2026-10-10 05:00,Mowich,3170,
2026-10-08 06:00,Huckleberry Creek,2250,40.8
2026-10-08 07:00,Huckleberry Creek,2250,42.3
2026-10-08 08:00,Huckleberry Creek,2250,43.0
2026-10-08 09:00,Huckleberry Creek,2250,51.4
2026-10-08 10:00,Huckleberry Creek,2250,58.5
2026-10-08 11:00,Huckleberry Creek,2250,65.3
2026-10-08 12:00,Huckleberry Creek,2250,68.4
2026-10-08 13:00,Huckleberry Creek,2250,69.1
2026-10-08 14:00,Huckleberry Creek,2250,73.0
2026-10-08 15:00,Huckleberry Creek,2250,71.1
2026-10-08 16:00,Huckleberry Creek,2250,69.4
2026-10-08 17:00,Huckleberry Creek,2250,63.5
2026-10-08 18:00,Huckleberry Creek,2250,56.5
2026-10-08 19:00,Huckleberry Creek,2250,52.3
2026-10-08 20:00,Huckleberry Creek,2250,50.9
2026-10-08 21:00,Huckleberry Creek,2250,48.9
2026-10-08 22:00,Huckleberry Creek,2250,47.7
2026-10-08 23:00,Huckleberry Creek,2250,46.8
2026-10-09 00:00,Huckleberry Creek,2250,45.7
2026-10-09 01:00,Huckleberry Creek,2250,43.5
2026-10-09 02:00,Huckleberry Creek,2250,45.1
2026-10-09 03:00,Huckleberry Creek,2250,48.4
2026-10-09 04:00,Huckleberry Creek,2250,48.4
2026-10-09 05:00,Huckleberry Creek,2250,48.2
2026-10-09 06:00,Huckleberry Creek,2250,47.5
2026-10-09 07:00,Huckleberry Creek,2250,48.2
2026-10-09 08:00,Huckleberry Creek,2250,48.9
2026-10-09 09:00,Huckleberry Creek,2250,51.1
2026-10-09 10:00,Huckleberry Creek,2250,52.3
2026-10-09 11:00,Huckleberry Creek,2250,52.0
2026-10-09 12:00,Huckleberry Creek,2250,54.5
2026-10-09 13:00,Huckleberry Creek,2250,55.9
2026-10-09 14:00,Huckleberry Creek,2250,54.0
2026-10-09 15:00,Huckleberry Creek,2250,53.4
2026-10-09 16:00,Huckleberry Creek,2250,49.5
2026-10-09 17:00,Huckleberry Creek,2250,48.6
2026-10-09 18:00,Huckleberry Creek,2250,46.4
2026-10-09 19:00,Huckleberry Creek,2250,45.5
2026-10-09 20:00,Huckleberry Creek,2250,44.6
2026-10-09 21:00,Huckleberry Creek,2250,43.5
2026-10-09 22:00,Huckleberry Creek,2250,40.8
2026-10-09 23:00,Huckleberry Creek,2250,36.9
2026-10-10 00:00,Huckleberry Creek,2250,35.2
2026-10-10 01:00,Huckleberry Creek,2250,34.9
2026-10-10 02:00,Huckleberry Creek,2250,37.0
2026-10-10 03:00,Huckleberry Creek,2250,38.3
2026-10-10 04:00,Huckleberry Creek,2250,38.1
2026-10-10 05:00,Huckleberry Creek,2250,37.8
2026-10-08 06:00,Olallie Meadows,4010,59.0
2026-10-08 07:00,Olallie Meadows,4010,58.6
2026-10-08 08:00,Olallie Meadows,4010,58.1
2026-10-08 09:00,Olallie Meadows,4010,59.5
2026-10-08 10:00,Olallie Meadows,4010,60.6
2026-10-08 11:00,Olallie Meadows,4010,59.9
2026-10-08 12:00,Olallie Meadows,4010,63.5
2026-10-08 13:00,Olallie Meadows,4010,63.1
2026-10-08 14:00,Olallie Meadows,4010,61.0
2026-10-08 15:00,Olallie Meadows,4010,61.2
2026-10-08 16:00,Olallie Meadows,4010,59.9
2026-10-08 17:00,Olallie Meadows,4010,56.3
2026-10-08 18:00,Olallie Meadows,4010,54.5
2026-10-08 19:00,Olallie Meadows,4010,52.0
2026-10-08 20:00,Olallie Meadows,4010,51.4
2026-10-08 21:00,Olallie Meadows,4010,51.4
2026-10-08 22:00,Olallie Meadows,4010,53.1
2026-10-08 23:00,Olallie Meadows,4010,52.0
2026-10-09 00:00,Olallie Meadows,4010,52.0
2026-10-09 01:00,Olallie Meadows,4010,48.4
2026-10-09 02:00,Olallie Meadows,4010,50.0
2026-10-09 03:00,Olallie Meadows,4010,47.5
2026-10-09 04:00,Olallie Meadows,4010,46.9
2026-10-09 05:00,Olallie Meadows,4010,46.2
2026-10-09 06:00,Olallie Meadows,4010,46.2
2026-10-09 07:00,Olallie Meadows,4010,46.2
2026-10-09 08:00,Olallie Meadows,4010,46.2
2026-10-09 09:00,Olallie Meadows,4010,46.4
2026-10-09 10:00,Olallie Meadows,4010,43.3
2026-10-09 11:00,Olallie Meadows,4010,42.8
2026-10-09 12:00,Olallie Meadows,4010,42.8
2026-10-09 13:00,Olallie Meadows,4010,41.4
2026-10-09 14:00,Olallie Meadows,4010,40.5
2026-10-09 15:00,Olallie Meadows,4010,39.6
2026-10-09 16:00,Olallie Meadows,4010,39.4
2026-10-09 17:00,Olallie Meadows,4010,38.5
2026-10-09 18:00,Olallie Meadows,4010,38.1
2026-10-09 19:00,Olallie Meadows,4010,37.0
2026-10-09 20:00,Olallie Meadows,4010,36.0
2026-10-09 21:00,Olallie Meadows,4010,35.4
2026-10-09 22:00,Olallie Meadows,4010,34.5
2026-10-09 23:00,Olallie Meadows,4010,34.3
2026-10-10 00:00,Olallie Meadows,4010,34.2
2026-10-10 01:00,Olallie Meadows,4010,34.2
2026-10-10 02:00,Olallie Meadows,4010,34.0
2026-10-10 03:00,Olallie Meadows,4010,33.6
2026-10-10 04:00,Olallie Meadows,4010,33.8
2026-10-10 05:00,Olallie Meadows,4010,33.6
2026-10-08 06:00,Cougar Mountain,3210,54.3
2026-10-08 07:00,Cougar Mountain,3210,54.5
2026-10-08 08:00,Cougar Mountain,3210,55.8
2026-10-08 09:00,Cougar Mountain,3210,57.2
2026-10-08 10:00,Cougar Mountain,3210,59.2
2026-10-08 11:00,Cougar Mountain,3210,58.5
2026-10-08 12:00,Cougar Mountain,3210,59.9
2026-10-08 13:00,Cougar Mountain,3210,61.2
2026-10-08 14:00,Cougar Mountain,3210,59.7
2026-10-08 15:00,Cougar Mountain,3210,60.4
2026-10-08 16:00,Cougar Mountain,3210,58.5
2026-10-08 17:00,Cougar Mountain,3210,55.2
2026-10-08 18:00,Cougar Mountain,3210,52.3
2026-10-08 19:00,Cougar Mountain,3210,52.0
2026-10-08 20:00,Cougar Mountain,3210,51.1
2026-10-08 21:00,Cougar Mountain,3210,50.5
2026-10-08 22:00,Cougar Mountain,3210,49.6
2026-10-08 23:00,Cougar Mountain,3210,48.9
2026-10-09 00:00,Cougar Mountain,3210,49.1
2026-10-09 01:00,Cougar Mountain,3210,48.0
2026-10-09 02:00,Cougar Mountain,3210,46.9
2026-10-09 03:00,Cougar Mountain,3210,45.9
2026-10-09 04:00,Cougar Mountain,3210,45.9
2026-10-09 05:00,Cougar Mountain,3210,47.1
2026-10-09 06:00,Cougar Mountain,3210,47.5
2026-10-09 07:00,Cougar Mountain,3210,47.3
2026-10-09 08:00,Cougar Mountain,3210,47.1
2026-10-09 09:00,Cougar Mountain,3210,46.4
2026-10-09 10:00,Cougar Mountain,3210,44.4
2026-10-09 11:00,Cougar Mountain,3210,44.6
2026-10-09 12:00,Cougar Mountain,3210,44.1
2026-10-09 13:00,Cougar Mountain,3210,43.7
2026-10-09 14:00,Cougar Mountain,3210,43.9
2026-10-09 15:00,Cougar Mountain,3210,42.6
2026-10-09 16:00,Cougar Mountain,3210,42.4
2026-10-09 17:00,Cougar Mountain,3210,41.9
2026-10-09 18:00,Cougar Mountain,3210,41.2
2026-10-09 19:00,Cougar Mountain,3210,40.1
2026-10-09 20:00,Cougar Mountain,3210,39.4
2026-10-09 21:00,Cougar Mountain,3210,38.7
2026-10-09 22:00,Cougar Mountain,3210,38.3
2026-10-09 23:00,Cougar Mountain,3210,38.3
2026-10-10 00:00,Cougar Mountain,3210,38.3
2026-10-10 01:00,Cougar Mountain,3210,37.0
2026-10-10 02:00,Cougar Mountain,3210,37.2
2026-10-10 03:00,Cougar Mountain,3210,37.2
2026-10-10 04:00,Cougar Mountain,3210,36.7
2026-10-10 05:00,Cougar Mountain,3210,36.3
