date,station_triplet,station_name,elevation_ft,group,swe_in,depth_in,temp_f,precip_in,precip_wytd_in,median_swe_in,median_precip_wytd_in
2026-10-01,679:WA:SNTL,Paradise,5150,rainier,0.0,0.0,48.7,0.0,0.0,0.0,0.0
2026-10-02,679:WA:SNTL,Paradise,5150,rainier,0.0,0.0,48.2,0.0,0.0,0.0,0.2
2026-10-03,679:WA:SNTL,Paradise,5150,rainier,0.0,0.0,53.6,,,0.0,0.4
2026-10-04,679:WA:SNTL,Paradise,5150,rainier,,,,,,0.0,0.4
2026-10-01,1085:WA:SNTL,Cayuse Pass,5260,rainier,0.0,0.0,49.8,,,0.0,
2026-10-02,1085:WA:SNTL,Cayuse Pass,5260,rainier,0.2,12.0,48.9,,,0.0,
2026-10-03,1085:WA:SNTL,Cayuse Pass,5260,rainier,0.1,,54.7,,,0.0,
2026-10-04,1085:WA:SNTL,Cayuse Pass,5260,rainier,,,,,,0.0,
2026-10-01,642:WA:SNTL,Morse Lake,5400,rainier,0.0,0.0,47.1,0.0,0.0,0.0,0.0
2026-10-02,642:WA:SNTL,Morse Lake,5400,rainier,0.0,0.0,40.3,0.0,0.0,0.0,0.2
2026-10-03,642:WA:SNTL,Morse Lake,5400,rainier,0.0,0.0,42.3,0.0,0.0,0.0,0.2
2026-10-04,642:WA:SNTL,Morse Lake,5400,rainier,,,,,,0.0,0.2
2026-10-01,418:WA:SNTL,Corral Pass,5810,rainier,0.0,0.0,47.8,0.1,0.1,0.0,0.0
2026-10-02,418:WA:SNTL,Corral Pass,5810,rainier,0.1,0.0,48.6,,0.0,0.0,0.1
2026-10-03,418:WA:SNTL,Corral Pass,5810,rainier,0.1,0.0,51.4,0.1,0.1,0.0,0.1
2026-10-04,418:WA:SNTL,Corral Pass,5810,rainier,,,,,,0.0,0.2
2026-10-01,375:WA:SNTL,Bumping Ridge,4600,rainier,0.0,0.0,47.1,0.0,0.0,0.0,0.0
2026-10-02,375:WA:SNTL,Bumping Ridge,4600,rainier,0.1,0.0,43.0,0.0,0.0,0.0,0.1
2026-10-03,375:WA:SNTL,Bumping Ridge,4600,rainier,0.1,0.0,47.5,,,0.0,0.2
2026-10-04,375:WA:SNTL,Bumping Ridge,4600,rainier,,,,,,0.0,0.2
2026-10-01,1257:WA:SNTL,Skate Creek,3770,rainier,0.0,0.0,48.4,0.0,0.0,,
2026-10-02,1257:WA:SNTL,Skate Creek,3770,rainier,0.0,,47.1,0.0,0.0,,
2026-10-03,1257:WA:SNTL,Skate Creek,3770,rainier,0.0,0.0,55.2,,,,
2026-10-04,1257:WA:SNTL,Skate Creek,3770,rainier,,,,,,,
2026-10-01,941:WA:SNTL,Mowich,3170,rainier,0.0,0.0,55.2,0.0,0.0,0.0,0.0
2026-10-02,941:WA:SNTL,Mowich,3170,rainier,0.3,0.0,50.4,0.0,0.0,0.0,0.1
2026-10-03,941:WA:SNTL,Mowich,3170,rainier,0.3,0.0,59.0,0.0,0.0,0.0,0.2
2026-10-04,941:WA:SNTL,Mowich,3170,rainier,,,,,,0.0,0.2
2026-10-01,928:WA:SNTL,Huckleberry Creek,2250,rainier,0.0,0.0,47.1,0.0,0.0,0.0,0.0
2026-10-02,928:WA:SNTL,Huckleberry Creek,2250,rainier,0.1,0.0,51.6,,,0.0,0.1
2026-10-03,928:WA:SNTL,Huckleberry Creek,2250,rainier,0.1,0.0,47.8,,0.0,0.0,0.1
2026-10-04,928:WA:SNTL,Huckleberry Creek,2250,rainier,,,,,,0.0,0.1
2026-10-01,672:WA:SNTL,Olallie Meadows,4010,regional,0.0,0.0,49.6,0.0,0.0,0.0,0.1
2026-10-02,672:WA:SNTL,Olallie Meadows,4010,regional,0.0,0.0,47.7,0.0,0.0,0.0,0.1
2026-10-03,672:WA:SNTL,Olallie Meadows,4010,regional,0.0,0.0,55.9,0.0,0.0,0.0,0.2
2026-10-04,672:WA:SNTL,Olallie Meadows,4010,regional,,,,,,0.0,0.5
2026-10-01,420:WA:SNTL,Cougar Mountain,3210,regional,0.0,0.0,50.5,0.0,0.0,0.0,0.1
2026-10-02,420:WA:SNTL,Cougar Mountain,3210,regional,0.6,0.0,48.6,,,0.0,0.2
2026-10-03,420:WA:SNTL,Cougar Mountain,3210,regional,0.6,0.0,59.9,,,0.0,0.2
2026-10-04,420:WA:SNTL,Cougar Mountain,3210,regional,,,,,,0.0,0.5
